Season,PayrollRank,Club,PayrollPerMillion,FinalStanding
2000,1,NY Yankees,92.53,Won WS
2000,2,LA Dodgers,88.12,DNC
2000,3,ATL Braves,84.53,Lost DS
2000,4,BAL Orioles,81.44,DNC
2000,5,AZ Diamondbacks,81.02,DNC
2000,6,NY Mets,79.5,Lost WS
2000,7,BOS Red Sox,77.94,DNC
2000,8,CLE Guardians,75.88,DNC
2000,9,TX Rangers,70.79,DNC
2000,10,TB Rays,62.76,DNC
2000,11,STL Cardinals,61.45,Lost NLCS
2000,12,COL Rockies,61.11,DNC
2000,13,CHC Cubs,60.53,DNC
2000,14,SEA Mariners,58.91,Lost ALCS
2000,15,DET Tigers,58.26,DNC
2000,16,SD Padres,54.82,DNC
2000,17,SF Giants,53.73,Lost DS
2000,18,LAA Angels,51.46,DNC
2000,19,HOU Astros,51.28,DNC
2000,20,PHI Phillies,47.3,DNC
2000,21,CIN Reds,46.86,DNC
2000,22,TOR Blue Jays,46.23,DNC
2000,23,MIL Brewers,36.5,DNC
2000,24,WSH Nationals,34.8,DNC
2000,25,OAK Athletics,31.97,Lost DS
2000,26,CHC White Sox,31.13,Lost DS
2000,27,PIT Pirates,28.92,DNC
2000,28,KC Royals,23.43,DNC
2000,29,MIA Marlins,20.07,DNC
2000,30,MN Twins,16.51,DNC
2000,31,Leauge AVG,55.65933333,
2001,1,NY Yankees,109.79,Lost WS
2001,2,BOS Red Sox,109.55,DNC
2001,3,LA Dodgers,108.98,DNC
2001,4,NY Mets,93.17,DNC
2001,5,CLE Guardians,91.97,Lost DS
2001,6,ATL Braves,91.85,Lost NLCS
2001,7,TX Rangers,88.5,DNC
2001,8,AZ Diamondbacks,81.2,Won WS
2001,9,STL Cardinals,77.27,Lost DS
2001,10,TOR Blue Jays,75.79,DNC
2001,11,SEA Mariners,75.65,Lost ALCS
2001,12,BAL Orioles,72.42,DNC
2001,13,COL Rockies,71.06,DNC
2001,14,CHC Cubs,64.01,DNC
2001,15,SF Giants,63.33,DNC
2001,16,CHC White Sox,62.36,DNC
2001,17,HOU Astros,60.38,Lost DS
2001,18,TB Rays,54.95,DNC
2001,19,PIT Pirates,52.69,DNC
2001,20,DET Tigers,49.83,DNC
2001,21,LAA Angels,46.56,DNC
2001,22,CIN Reds,45.22,DNC
2001,23,Mil Brewers,43.08,DNC
2001,24,PHI Phillies,41.66,DNC
2001,25,SD Padres,38.33,DNC
2001,26,KC Royals,35.64,DNC
2001,27,MIA Marlins,35.5,DNC
2001,28,WSH Nationals,34.77,DNC
2001,29,OAK Athletics,33.81,Lost DS
2001,30,MN Twins,24.35,DNC
2001,31,Leauge AVG,64.45566667,
2002,1,NY Yankees,125.92,Lost DS
2002,2,BOS Red Sox,108.36,DNC
2002,3,TX Rangers,105.3,DNC
2002,4,AZ Diamondbacks,102.82,Lost DS
2002,5,LA Dodgers,94.85,DNC
2002,6,NY Mets,94.63,DNC
2002,7,ATL Braves,93.47,Lost DS
2002,8,SEA Mariners,80.28,DNC
2002,9,CLE Guardians,78.9,DNC
2002,10,SF Giants,78.29,Lost WS
2002,11,TOR Blue Jays,76.86,DNC
2002,12,CHC Cubs,75.69,DNC
2002,13,STL Cardinals,74.09,Lost NLCS
2002,14,HOU Astros,63.44,DNC
2002,15,LAA Angels,91.72,Won WS
2002,16,BAL Orioles,60.49,DNC
2002,17,PHI Phillies,57.95,DNC
2002,18,CHC White Sox,57.05,DNC
2002,19,COL Rockies,56.85,DNC
2002,20,DET Tigers,55.04,DNC
2002,21,MIL Brewers,50.28,DNC
2002,22,KC Royals,47.25,DNC
2002,23,CIN Reds,45.05,DNC
2002,24,PIT Pirates,42.32,DNC
2002,25,MIA Marlins,41.42,DNC
2002,26,SD Padres,41.42,DNC
2002,27,MN Twins,40.22,Lost ALCS
2002,28,OAK Athletics,39.67,Lost DS
2002,29,WSH Nationals,38.67,DNC
2002,30,TB Rays,34.38,DNC
2002,31,Leauge AVG,68.42266667,
2003,1,NY Yankees,152.74,Lost WS
2003,2,NY Mets,117.17,DNC
2003,3,ATL Braves,106.24,Lost DS
2003,4,LA Dodgers,105.87,DNC
2003,5,TX Rangers,103.49,DNC
2003,6,BOS Red Sox,99.94,Lost ALCS
2003,7,SEA Mariners,86.95,DNC
2003,8,STL Cardinals,83.48,DNC
2003,9,SF Giants,82.85,Lost DS
2003,10,AZ Diamondbacks,80.64,DNC
2003,11,CHC Cubs,79.86,Lost NLCS
2003,12,LAA Angels,79.03,DNC
2003,13,BAL Orioles,73.87,DNC
2003,14,HOU Astros,71.04,DNC
2003,15,PHI Phillies,71.04,DNC
2003,16,COL Rockies,70.78,DNC
2003,17,CIN Reds,59.35,DNC
2003,18,MN Twins,55.5,Lost DS
2003,19,PIT Pirates,54.81,DNC
2003,20,WSH Nationals,51.94,DNC
2003,21,TOR Blue Jays,51.26,DNC
2003,22,CHC White Sox,51.01,DNC
2003,23,OAK Athletics,50.26,Lost DS
2003,24,DET Tigers,49.16,DNC
2003,25,MIA Marlins,49.05,Won WS
2003,26,CLE Guardians,48.58,DNC
2003,27,SD Padres,47.92,DNC
2003,28,MIL Brewers,40.62,DNC
2003,29,KC Royals,40.51,DNC
2003,30,TB Rays,19.63,DNC
2003,31,Leauge AVG,71.153,
2004,1,NY Yankees,182.83,Lost ALCS
2004,2,BOS Red Sox,125.2,Won WS
2004,3,LAA Angels,101.08,Lost DS
2004,4,NY Mets,100.62,DNC
2004,5,PHI Phillies,93.21,DNC
2004,6,CHC Cubs,91.1,DNC
2004,7,LA Dodgers,89.69,Lost DS
2004,8,ATL Braves,88.5,Lost DS
2004,9,SF Giants,82.01,DNC
2004,10,SEA Mariners,81.54,DNC
2004,11,STL Cardinals,75.63,Lost WS
2004,12,HOU Astros,74.66,Lost NLCS
2004,13,AZ Diamondbacks,70.2,DNC
2004,14,CHC White Sox,65.21,DNC
2004,15,COL Rockies,64.59,DNC
2004,16,OAK Athletics,59.82,DNC
2004,17,TX Rangers,54.82,DNC
2004,18,SD Padres,54.63,DNC
2004,19,MN Twins,53.58,Lost DS
2004,20,BAL Orioles,51.21,DNC
2004,21,TOR Blue Jays,50.01,DNC
2004,22,KC Royals,47.6,DNC
2004,23,DET Tigers,46.35,DNC
2004,24,WSH Nationals,43.19,DNC
2004,25,CIN Reds,43.06,DNC
2004,26,MIA Marlins,42.11,DNC
2004,27,CLE Guardians,34.56,DNC
2004,28,PIT Pirates,32.22,DNC
2004,29,TB Rays,29.5,DNC
2004,30,MIL Brewers,27.51,DNC
2004,31,Leauge AVG,68.54133333,
2005,1,NY Yankees,205.93,Lost DS
2005,2,BOS Red Sox,121.31,Lost DS
2005,3,NY Mets,104.77,DNC
2005,4,PHI Phillies,95.33,DNC
2005,5,LAA Angels,95.01,Lost NLCS
2005,6,STL Cardinals,93.31,Lost NLCS
2005,7,SF Giants,89.48,DNC
2005,8,CHC Cubs,87.21,DNC
2005,9,SEA Mariners,85.88,DNC
2005,10,ATL Braves,85.14,Lost DS
2005,11,LA Dodgers,81.02,DNC
2005,12,HOU Astros,76.77,Lost WS
2005,13,CHC White Sox,75.22,Won WS
2005,14,BAL Orioles,74.57,DNC
2005,15,DET Tigers,68.99,DNC
2005,16,AZ Diamondbacks,63.01,DNC
2005,17,SD Padres,62.88,Lost DS
2005,18,MIA Marlins,60.37,DNC
2005,19,CIN Reds,59.65,DNC
2005,20,MN Twins,56.61,DNC
2005,21,OAK Athletics,55.86,DNC
2005,22,TX Rangers,55.3,DNC
2005,23,WSH Nationals,48.58,DNC
2005,24,COL Rockies,47.78,DNC
2005,25,TOR Blue Jays,45.33,DNC
2005,26,CLE Guardians,41.83,DNC
2005,27,MIL Brewers,40.23,DNC
2005,28,PIT Pirates,38.13,DNC
2005,29,KC Royals,36.88,DNC
2005,30,TB Rays,29.89,DNC
2005,31,Leauge AVG,72.74233333,
2006,1,NY Yankees,194.66,Lost DS
2006,2,BOS Red Sox,120.09,DNC
2006,3,LAA Angels,103.47,DNC
2006,4,CHC White Sox,102.75,DNC
2006,5,NY Mets,101.08,Lost NLCS
2006,6,LA Dodgers,98.44,Lost DS
2006,7,CHC Cubs,94.42,DNC
2006,8,HOU Astros,92.55,DNC
2006,9,ATL Braves,90.15,DNC
2006,10,SF Giants,90.05,DNC
2006,11,STL Cardinals,88.89,Won WS
2006,12,PHI Phillies,88.27,DNC
2006,13,SEA Mariners,87.95,DNC
2006,14,DET Tigers,82.61,Lost WS
2006,15,BAL Orioles,72.58,DNC
2006,16,TOR Blue Jays,71.91,DNC
2006,17,SD Padres,69.89,Lost DS
2006,18,TX Rangers,68.22,DNC
2006,19,MN Twins,63.39,Lost DS
2006,20,WSH Nationals,63.14,DNC
2006,21,OAK Athletics,62.24,Lost ALCS
2006,22,CIN Reds,60.9,DNC
2006,23,AZ Diamondbacks,59.68,DNC
2006,24,MIL Brewers,57.56,DNC
2006,25,CLE Guardians,56.03,DNC
2006,26,KC Royals,47.29,DNC
2006,27,PIT Pirates,46.71,DNC
2006,28,COL Rockies,41.23,DNC
2006,29,TB Rays,35.41,DNC
2006,30,MIA Marlins,14.99,DNC
2006,31,Leauge AVG,77.55166667,
2007,1,NY Yankees,189.63,Lost DS
2007,2,BOS Red Sox,143.02,Won WS
2007,3,NY Mets,115.23,DNC
2007,4,LAA Angels,109.25,Lost DS
2007,5,CHC White Sox,108.67,DNC
2007,6,LA Dodgers,108.45,DNC
2007,7,SEA Mariners,106.46,DNC
2007,8,CHC Cubs,99.67,Lost DS
2007,9,DET Tigers,95.18,DNC
2007,10,BAL Orioles,93.55,DNC
2007,11,STL Cardinals,90.28,DNC
2007,12,SF Giants,90.21,DNC
2007,13,PHI Phillies,89.42,Lost DS
2007,14,HOU Astros,87.75,DNC
2007,15,ATL Braves,97.29,DNC
2007,16,TOR Blue Jays,81.94,DNC
2007,17,OAK Athletics,79.36,DNC
2007,18,MN Twins,71.43,DNC
2007,19,MIL Brewers,70.98,DNC
2007,20,CIN Reds,68.9,DNC
2007,21,TX Rangers,68.31,DNC
2007,22,KC Royals,67.11,DNC
2007,23,CLE Guardians,61.67,Lost ALCS
2007,24,SD Padres,58.11,DNC
2007,25,COL Rockies,54.42,Lost WS
2007,26,AZ Diamondbacks,52.06,Lost NLCS
2007,27,PIT Pirates,38.53,DNC
2007,28,WSH Nationals,37.34,DNC
2007,29,MIA Marlins,30.5,DNC
2007,30,TB Rays,24.12,DNC
2007,31,Leauge AVG,82.96133333,
2008,1,NY Yankees,209.08,DNC
2008,2,NY Mets,137.79,DNC
2008,3,DET Tigers,137.68,DNC
2008,4,BOS Red Sox,133.39,Lost ALCS
2008,5,CHC White Sox,121.18,Lost DS
2008,6,LAA Angels,119.21,Lost DS
2008,7,LA Dodgers,118.58,Lost NLCS
2008,8,CHC Cubs,118.34,Lost DS
2008,9,SEA Mariners,117.66,DNC
2008,10,ATL Braves,102.36,DNC
2008,11,STL Cardinals,99.62,DNC
2008,12,PHI Phillies,98.26,Won WS
2008,13,TOR Blue Jays,97.79,DNC
2008,14,HOU Astros,88.93,DNC
2008,15,MIL Brewers,80.93,Lost DS
2008,16,CLE Guardians,78.97,DNC
2008,17,SF Giants,76.59,DNC
2008,18,CIN Reds,74.11,DNC
2008,19,SD Padres,73.67,DNC
2008,20,COL Rockies,68.65,DNC
2008,21,TX Rangers,67.71,DNC
2008,22,BAL Orioles,67.19,DNC
2008,23,AZ Diamondbacks,66.2,DNC
2008,24,KC Royals,58.24,DNC
2008,25,MN Twins,56.93,DNC
2008,26,WSH Nationals,54.96,DNC
2008,27,PIT Pirates,48.68,DNC
2008,28,OAK Athletics,47.96,DNC
2008,29,TB Rays,43.82,Lost WS
2008,30,MIA Marlins,21.81,DNC
2008,31,Leauge AVG,89.543,
2009,1,NY Yankees,201.44,Won WS
2009,2,NY Mets,135.77,DNC
2009,3,CHC Cubs,135.05,DNC
2009,4,BOS Red Sox,122.69,Lost DS
2009,5,DET Tigers,115.08,DNC
2009,6,LAA Angels,113.7,Lost ALCS
2009,7,PHI Phillies,113,Lost WS
2009,8,HOU Astros,102.99,DNC
2009,9,LA Dodgers,100.45,Lost NLCS
2009,10,SEA Mariners,98.9,DNC
2009,11,ATL Braves,96.72,DNC
2009,12,CHC White Sox,96.06,DNC
2009,13,STL Cardinals,88.52,Lost DS
2009,14,SF Giants,82.12,DNC
2009,15,CLE Guardians,81.62,DNC
2009,16,TOR Blue Jays,80.99,DNC
2009,17,MIL Brewers,80.25,DNC
2009,18,COL Rockies,75.2,Lost DS
2009,19,AZ Diamondbacks,73.57,DNC
2009,20,CIN Reds,70.96,DNC
2009,21,KC Royals,70.9,DNC
2009,22,TX Rangers,68.64,DNC
2009,23,BAL Orioles,67.7,DNC
2009,24,MN Twins,65.29,Lost DS
2009,25,TB Rays,63.31,DNC
2009,26,OAK Athletics,62.31,DNC
2009,27,WSH Nationals,59.32,DNC
2009,28,PIT Pirates,48.74,DNC
2009,29,SD Padres,42.79,DNC
2009,30,MIA Marlins,36.81,DNC
2009,31,Leauge AVG,88.363,
2010,1,NY Yankees,206.33,Lost ALCS
2010,2,BOS Red Sox,162.74,DNC
2010,3,CHC Cubs,146.85,DNC
2010,4,PHI Phillies,141.92,Lost NLCS
2010,5,NY Mets,132.7,DNC
2010,6,DET Tigers,122.86,DNC
2010,7,CHC White Sox,108.27,DNC
2010,8,LAA Angels,105.01,DNC
2010,9,SEA Mariners,98.37,DNC
2010,10,SF Giants,97.82,Won WS
2010,11,MN Twins,97.55,Lost DS
2010,12,LA Dodgers,94.94,DNC
2010,13,STL Cardinals,93.54,DNC
2010,14,HOU Astros,92.35,DNC
2010,15,ATL Braves,84.42,Lost DS
2010,16,COL Rockies,84.22,DNC
2010,17,BAL Orioles,81.61,DNC
2010,18,MIL Brewers,81.1,DNC
2010,19,CIN Reds,72.38,Lost DS
2010,20,KC Royals,72.26,DNC
2010,21,TB Rays,71.92,Lost DS
2010,22,TOR Blue Jays,62.68,DNC
2010,23,WSH Nationals,61.42,DNC
2010,24,CLE Guardians,61.2,DNC
2010,25,AZ Diamondbacks,60.71,DNC
2010,26,MIA Marlins,55.64,DNC
2010,27,TX Rangers,55.25,Lost WS
2010,28,OAK Athletics,51.65,DNC
2010,29,SD Padres,37.79,DNC
2010,30,PIT Pirates,34.94,DNC
2010,31,Leauge AVG,91.01466667,
2011,1,NY Yankees,201.68,Lost DS
2011,2,PHI Phillies,172.97,Lost DS
2011,3,BOS Red Sox,161.4,DNC
2011,4,LAA Angels,138.99,DNC
2011,5,CHC White Sox,129.28,DNC
2011,6,CHC Cubs,125.48,DNC
2011,7,NY Mets,120.14,DNC
2011,8,SF Giants,118.21,DNC
2011,9,MN Twins,112.73,DNC
2011,10,DET Tigers,105.7,Lost ALCS
2011,11,STL Cardinals,105.43,Won WS
2011,12,LA Dodgers,103.78,DNC
2011,13,TX Rangers,92.29,Lost WS
2011,14,COL Rockies,87.99,DNC
2011,15,ATL Braves,87,DNC
2011,16,SEA Mariners,86.42,DNC
2011,17,MIL Brewers,85.49,Lost NLCS
2011,18,BAL Orioles,85.3,DNC
2011,19,CIN Reds,76.18,DNC
2011,20,HOU Astros,70.69,DNC
2011,21,OAK Athletics,66.53,DNC
2011,22,WSH Nationals,63.68,DNC
2011,23,TOR Blue Jays,62.51,DNC
2011,24,MIA Marlins,56.94,DNC
2011,25,AZ Diamondbacks,53.63,Lost DS
2011,26,CLE Guardians,49.18,DNC
2011,27,PIT Pirates,46.04,DNC
2011,28,SD Padres,45.86,DNC
2011,29,TB Rays,41.93,Lost DS
2011,30,KC Royals,36.12,DNC
2011,31,Leauge AVG,92.98566667,
2012,1,NY Yankees,197.96,Lost ALCS
2012,2,PHI Phillies,174.53,DNC
2012,3,BOS Red Sox,173.18,DNC
2012,4,LAA Angels,154.48,DNC
2012,5,DET Tigers,132.3,Lost WS
2012,6,TX Rangers,120.51,Lost WC
2012,7,MIA Marlins,118.07,DNC
2012,8,SF Giants,117.62,Won WS
2012,9,STL Cardinals,110.3,Lost NLCS
2012,10,MIL Brewers,97.65,DNC
2012,11,CHC White Sox,96.91,DNC
2012,12,LA Dodgers,95.14,DNC
2012,13,MN Twins,94.08,DNC
2012,14,NY Mets,93.35,DNC
2012,15,CHC Cubs,88.19,DNC
2012,16,ATL Braves,83.3,Lost WC
2012,17,CIN Reds,82.2,Lost DS
2012,18,SEA Mariners,81.97,DNC
2012,19,BAL Orioles,81.42,Lost DS
2012,20,WSH Nationals,81.33,Lost DS
2012,21,CLE Guardians,78.43,DNC
2012,22,COL Rockies,78.06,DNC
2012,23,TOR Blue Jays,75.48,DNC
2012,24,AZ Diamondbacks,74.28,DNC
2012,25,TB Rays,64.17,DNC
2012,26,PIT Pirates,63.43,DNC
2012,27,KC Royals,60.91,DNC
2012,28,HOU Astros,60.65,DNC
2012,29,OAK Athletics,55.37,Lost DS
2012,30,SD Padres,55.24,DNC
2012,31,Leauge AVG,98.017,
2013,1,NY Yankees,228.83,DNC
2013,2,LA Dodgers,216.59,Lost NLCS
2013,3,PHI Phillies,165.38,DNC
2013,4,BOS Red Sox,150.65,Won WS
2013,5,DET Tigers,148.41,Lost ALCS
2013,6,SF Giants,140.26,DNC
2013,7,LAA Angels,127.89,DNC
2013,8,CHC White Sox,119.07,DNC
2013,9,TOR Blue Jays,117.52,DNC
2013,10,STL Cardinals,115.22,Lost WS
2013,11,TX Rangers,114.09,DNC
2013,12,WSH Nationals,114.05,DNC
2013,13,CIN Reds,107.49,Lost WC
2013,14,CHC Cubs,104.3,DNC
2013,15,BAL Orioles,90.99,DNC
2013,16,ATL Braves,89.77,Lost DS
2013,17,AZ Diamondbacks,89.1,DNC
2013,18,MIL Brewers,82.97,DNC
2013,19,KC Royals,81.49,DNC
2013,20,PIT Pirates,79.55,Lost DS
2013,21,CLE Guardians,77.77,Lost WC
2013,22,MN Twins,75.8,DNC
2013,23,NY Mets,73.39,DNC
2013,24,SEA Mariners,72.03,DNC
2013,25,COL Rockies,71.92,DNC
2013,26,SD Padres,67.14,DNC
2013,27,OAK Athletics,60.66,Lost DS
2013,28,TB Rays,57.89,Lost DS
2013,29,MIA Marlins,36.34,DNC
2013,30,HOU Astros,22.06,DNC
2013,31,Leauge AVG,103.2873333,
2014,1,LA Dodgers,235.29,Lost DS
2014,2,NY Yankees,203.81,DNC
2014,3,PHI Phillies,180.05,DNC
2014,4,BOS Red Sox,162.81,DNC
2014,5,DET Tigers,162.22,Lost DS
2014,6,LAA Angels,155.69,Lost DS
2014,7,SF Giants,154.18,Won WS
2014,8,TX Rangers,136.03,DNC
2014,9,WSH Nationals,134.7,Lost DS
2014,10,TOR Blue Jays,132.62,DNC
2014,11,AZ Diamondbacks,112.68,DNC
2014,12,CIN Reds,112.39,DNC
2014,13,STL Cardinals,111.02,Lost NLCS
2014,14,ATL Braves,110.89,DNC
2014,15,BAL Orioles,107.4,Lost ALCS
2014,16,MIL Brewers,103.84,DNC
2014,17,COL Rockies,95.83,DNC
2014,18,SEA Mariners,92.08,DNC
2014,19,KC Royals,92.03,Lost WS
2014,20,CHC White Sox,91.15,DNC
2014,21,SD Padres,90.09,DNC
2014,22,NY Mets,89.05,DNC
2014,23,CHC Cubs,89,DNC
2014,24,MN Twins,85.77,DNC
2014,25,OAK Athletics,83.4,Lost WC
2014,26,CLE Guardians,82.53,DNC
2014,27,PIT Pirates,78.11,Lost WC
2014,28,TB Rays,77.06,DNC
2014,29,MIA Marlins,47.56,DNC
2014,30,HOU Astros,44.54,DNC
2014,31,Leauge AVG,115.1273333,
2015,1,LA Dodgers,272.78,Lost DS
2015,2,NY Yankees,219.28,Lost WC
2015,3,BOS Red Sox,187.4,DNC
2015,4,DET Tigers,173.81,DNC
2015,5,SF Giants,172.67,DNC
2015,6,WSH Nationals,164.92,DNC
2015,7,LAA Angels,150.93,DNC
2015,8,TX Rangers,142.14,Lost DS
2015,9,PHI Phillies,135.82,DNC
2015,10,TOR Blue Jays,122.5,Lost ALCS
2015,11,STL Cardinals,120.86,Lost DS
2015,12,SEA Mariners,119.79,DNC
2015,13,CHC Cubs,119,Lost NLCS
2015,14,CIN Reds,117.19,DNC
2015,15,CHC White Sox,115.23,DNC
2015,16,KC Royals,113.61,Won WS
2015,17,BAL Orioles,110.14,DNC
2015,18,MN Twins,108.94,DNC
2015,19,MIL Brewers,105,DNC
2015,20,COL Rockies,102,DNC
2015,21,NY Mets,101.4,Lost WS
2015,22,SD Padres,100.65,DNC
2015,23,ATL Braves,97.57,DNC
2015,24,AZ Diamondbacks,91.51,DNC
2015,25,PIT Pirates,88.27,Lost WC
2015,26,CLE Guardians,86.09,DNC
2015,27,OAK Athletics,86.08,DNC
2015,28,TB Rays,76.06,DNC
2015,29,HOU Astros,70.91,Lost DS
2015,30,MIA Marlins,68.47,DNC
2015,31,Leauge AVG,124.7006667,
2016,1,LA Dodgers,223.35,Lost NLCS
2016,2,NY Yankees,213.47,DNC
2016,3,BOS Red Sox,182.16,Lost DS
2016,4,DET Tigers,172.28,DNC
2016,5,SF Giants,166.49,Lost DS
2016,6,WSH Nationals,166.01,Lost DS
2016,7,LAA Angels,146.44,DNC
2016,8,TX Rangers,144.3,Lost DS
2016,9,PHI Phillies,133.04,DNC
2016,10,TOR Blue Jays,126.36,Lost ALCS
2016,11,SEA Mariners,122.7,DNC
2016,12,STL Cardinals,120.3,DNC
2016,13,CIN Reds,116.73,DNC
2016,14,CHC Cubs,116.65,Won WS
2016,15,BAL Orioles,115.58,Lost WC
2016,16,KC Royals,112.91,DNC
2016,17,SD Padres,112.89,DNC
2016,18,MN Twins,108.26,DNC
2016,19,NY Mets,99.62,Lost WC
2016,20,CHC White Sox,98.71,DNC
2016,21,MIL Brewers,98.68,DNC
2016,22,COL Rockies,98.26,DNC
2016,23,ATL Braves,87.62,DNC
2016,24,CLE Guardians,86.33,Lost WS
2016,25,PIT Pirates,85.88,DNC
2016,26,MIA Marlins,84.63,DNC
2016,27,OAK Athletics,80.27,DNC
2016,28,TB Rays,73.64,DNC
2016,29,AZ Diamondbacks,70.76,DNC
2016,30,HOU Astros,69.06,DNC
2016,31,Leauge AVG,121.1126667,
2017,1,LA Dodgers,242.06,Lost WS
2017,2,NY Yankees,201.53,Lost ALCS
2017,3,BOS Red Sox,199.8,Lost DS
2017,4,DET Tigers,199.75,DNC
2017,5,TOR Blue Jays,177.79,DNC
2017,6,TX Rangers,175.9,DNC
2017,7,SF Giants,172.35,DNC
2017,8,CHC Cubs,172.18,Lost NLCS
2017,9,WSH Nationals,167.84,Lost DS
2017,10,BAL Orioles,163.67,DNC
2017,11,LAA Angels,160.37,DNC
2017,12,NY Mets,155.18,DNC
2017,13,SEA Mariners,154.8,DNC
2017,14,STL Cardinals,152.45,DNC
2017,15,KC Royals,140.92,DNC
2017,16,COL Rockies,130.96,Lost WC
2017,17,CLE Guardians,124.86,Lost DS
2017,18,HOU Astros,124.34,Won WS
2017,19,ATL Braves,112.43,DNC
2017,20,MIA Marlins,111.88,DNC
2017,21,PHI Phillies,111.37,DNC
2017,22,MN Twins,108.07,Lost WC
2017,23,PIT Pirates,100.57,DNC
2017,24,CHC White Sox,99.11,DNC
2017,25,CIN Reds,93.73,DNC
2017,26,AZ Diamondbacks,93.25,Lost DS
2017,27,OAK Athletics,81.73,DNC
2017,28,SD Padres,71.62,DNC
2017,29,TB Rays,69.96,DNC
2017,30,MIL Brewers,63.06,DNC
2017,31,Leauge AVG,137.7843333,
2018,1,BOS Red Sox,235.65,Won WS
2018,2,SF Giants,208.51,DNC
2018,3,LA Dodgers,186.14,Lost WS
2018,4,CHC Cubs,183.46,Lost DS
2018,5,WSH Nationals,181.59,DNC
2018,6,LAA Angels,175.1,DNC
2018,7,NY Yankees,168.54,Lost DS
2018,8,SEA Mariners,162.48,DNC
2018,9,TOR Blue Jays,162.31,DNC
2018,10,STL Cardinals,161.01,DNC
2018,11,HOU Astros,160.04,Lost ALCS
2018,12,NY Mets,154.61,DNC
2018,13,TX Rangers,144,DNC
2018,14,BAL Orioles,143.09,DNC
2018,15,COL Rockies,141.34,Lost DS
2018,16,CLE Guardians,134.35,Lost DS
2018,17,AZ Diamondbacks,132.5,DNC
2018,18,MN Twins,131.91,DNC
2018,19,DET Tigers,129.92,DNC
2018,20,KC Royals,129.92,DNC
2018,21,ATL Braves,120.54,Lost DS
2018,22,CIN Reds,101.19,DNC
2018,23,MIA Marlins,98.64,DNC
2018,24,PHI Phillies,96.85,DNC
2018,25,SD Padres,96.13,DNC
2018,26,MIL Brewers,90.24,Lost NLCS
2018,27,PIT Pirates,87.88,DNC
2018,28,TB Rays,78.73,DNC
2018,29,CHC White Sox,72.18,DNC
2018,30,OAK Athletics,68.53,Lost DS
2018,31,Leauge AVG,137.9126667,
2019,1,BOS Red Sox,225,DNC
2019,2,CHC Cubs,210,DNC
2019,3,NY Yankees,206,Lost ALCS
2019,4,LA Dodgers,198,Lost DS
2019,5,SF Giants,173,DNC
2019,6,STL Cardinals,163,Lost NLCS
2019,7,WSH Nationals,162,Won WS
2019,8,HOU Astros,161,Lost WS
2019,9,LAA Angels,159,DNC
2019,10,NY Mets,159,DNC
2019,11,SEA Mariners,149,DNC
2019,12,COL Rockies,146,DNC
2019,13,PHI Phillies,141,DNC
2019,14,TX Rangers,127,DNC
2019,15,CIN Reds,126,DNC
2019,16,MIL Brewers,125,Lost WC
2019,17,AZ Diamondbacks,123,DNC
2019,18,MN Twins,121,Lost DS
2019,19,CLE Guardians,119,DNC
2019,20,DET Tigers,116,DNC
2019,21,ATL Braves,114,Lost DS
2019,22,TOR Blue Jays,113,DNC
2019,23,KC Royals,101,DNC
2019,24,SD Padres,99,DNC
2019,25,OAK Athletics,92,Lost WC
2019,26,CHC White Sox,90,DNC
2019,27,PIT Pirates,75,DNC
2019,28,BAL Orioles,73,DNC
2019,29,MIA Marlins,72,DNC
2019,30,TB Rays,65,Lost DS
2019,31,Leauge AVG,133.4333333,
2020,1,NY Yankees,110.85,Lost DS
2020,2,LA Dodgers,105.74,Won WS
2020,3,BOS Red Sox,84.47,DNC
2020,4,HOU Astros,81.84,Lost ALCS
2020,5,NY Mets,80.29,DNC
2020,6,CHC Cubs,76.16,Lost WC
2020,7,PHI Phillies,74.6,DNC
2020,8,SF Giants,71.17,DNC
2020,9,STL Cardinals,70.45,Lost WC
2020,10,SD Padres,69.46,Lost DS
2020,11,LAA Angels,69.28,DNC
2020,12,WSH Nationals,66.52,DNC
2020,13,ATL Braves,66.27,Lost NLCS
2020,14,AZ Diamondbacks,64.2,DNC
2020,15,TX Rangers,63.38,DNC
2020,16,COL Rockies,60.33,DNC
2020,17,CIN Reds,53.31,Lost WC
2020,18,CHC White Sox,51.4,Lost WC
2020,19,TOR Blue Jays,50.98,Lost WC
2020,20,MN Twins,48.74,Lost WC
2020,21,SEA Mariners,48.42,DNC
2020,22,DET Tigers,43.06,DNC
2020,23,MIL Brewers,39.4,Lost WC
2020,24,CLE Guardians,37.64,Lost WC
2020,25,KC Royals,35.63,DNC
2020,26,OAK Athletics,35.52,Lost DS
2020,27,TB Rays,28.73,Lost WS
2020,28,MIA MArlins,28.56,Lost DS
2020,29,PIT Pirates,24.77,DNC
2020,30,BAL Orioles,23.91,DNC
2020,31,Leauge AVG,58.836,
2021,1,LA Dodgers,235.41,Lost NLCS
2021,2,NY Yankees,191.2,Lost WC
2021,3,BOS Red Sox,180.26,Lost ALCS
2021,4,LAA Angels,177.35,DNC
2021,5,PHI Phillies,174,DNC
2021,6,SD Padres,171.68,DNC
2021,7,HOU Astros,171.01,Lost WS
2021,8,NY Mets,167.41,DNC
2021,9,WSH Nationals,161.9,DNC
2021,10,CHC Cubs,149.66,DNC
2021,11,TOR Blue Jays,137.13,DNC
2021,12,STL Cardinals,135.04,Lost WC
2021,13,ATL Braves,134.45,Won WS
2021,14,SF Giants,127.88,Lost DS
2021,15,CHC White Sox,125.98,Lost DS
2021,16,MN Twins,121,DNC
2021,17,CIN Reds,118.74,DNC
2021,18,COL Rockies,103.98,DNC
2021,19,AZ Diamondbacks,89.07,DNC
2021,20,KC Royals,87.77,DNC
2021,21,MIL Brewers,87.56,Lost DS
2021,22,TX Rangers,84.86,DNC
2021,23,DET Tigers,80.39,DNC
2021,24,OAK Athletics,74.61,DNC
2021,25,SEA Mariners,64.55,DNC
2021,26,TB Rays,60.38,Lost DS
2021,27,MIA Marlins,49.42,DNC
2021,28,CLE Guardians,46.83,DNC
2021,29,BAL Orioles,45.7,DNC
2021,30,PIT Pirates,35.9,DNC
2021,31,Leauge AVG,119.704,
2022,1,LA Dodgers,277.1,Lost DS
2022,2,NY Mets,253.119,Lost WC
2022,3,NY Yankees,240.29,Lost ALCS
2022,4,PHI Phillies,221.73,Lost WS
2022,5,SD Padres,208.77,Lost NLCS
2022,6,BOS Red Sox,195.16,DNC
2022,7,CHC White Sox,181.66,DNC
2022,8,ATL Braves,173.93,Lost DS
2022,9,LAA Angels,169.41,DNC
2022,10,TOR Blue Jays,168.07,Lost WC
2022,11,HOU Astros,163.93,Won WS
2022,12,STL Cardinals,150.74,Lost WC
2022,13,SF Giants,142.29,DNC
2022,14,TX Rangers,134.96,DNC
2022,15,CHC Cubs,130.56,DNC
2022,16,COL Rockies,129.45,DNC
2022,17,MIL Brewers,122.28,DNC
2022,18,DET Tigers,116.04,DNC
2022,19,WSH Nationals,114.62,DNC
2022,20,MN Twins,110.85,DNC
2022,21,CIN Reds,99.58,DNC
2022,22,SEA Mariners,92.74,Lost DS
2022,23,AZ Diamondbacks,75.99,DNC
2022,24,TB Rays,75.34,Lost WC
2022,25,KC Royals,74.11,DNC
2022,26,MIA Marlins,69,DNC
2022,27,CLE Guardians,42.31,Lost DS
2022,28,PIT Pirates,37.87,DNC
2022,29,OAK Athletics,32.54,DNC
2022,30,BAL Orioles,30.22,DNC
2022,31,Leauge AVG,134.4886333,